{
  "users": [
    {
      "id": 1,
      "name": "json-server",
      "email": "test@gmail.com",
      "password": "password"
    },
    {
      "name": "test",
      "email": "test@gmail.com",
      "password": "test",
      "id": 2
    },
    {
      "name": "test4",
      "email": "test@gmail.com",
      "password": "test",
      "id": 3
    },
    {
      "name": "test5",
      "email": "test@gmail.com",
      "password": "test",
      "id": 4
    }
  ],
  "score": [
    {
      "id": 1,
      "name": "json-server",
      "score": 20
    },
    {
      "name": "test5",
      "score": "10",
      "id": 2
    },
    {
      "name": "test5",
      "score": "10",
      "id": 3
    },
    {
      "name": "test5",
      "score": "10",
      "id": 4
    },
    {
      "name": "test5",
      "score": "10",
      "id": 5
    },
    {
      "name": "test5",
      "score": "20",
      "id": 6
    },
    {
      "name": "test5",
      "score": "20",
      "id": 7
    },
    {
      "name": "test5",
      "score": "20",
      "id": 8
    }
  ],
  "comments": [
    {
      "id": 1,
      "body": "some comment",
      "postId": 1
    }
  ],
  "profile": {
    "name": "typicode"
  }
}